test_name,workload,method,processor,input_size_bytes,output_size_bytes,elapsed_seconds,compression_ratio,throughput_mbps,notes
roundtrip,10240MB_mixed,cpu,zstd_level1,10737418240,5372600710,9.157979848008836,1.9985513198504565,1118.150527730897,"decomp: 741 MB/s, match: True"
roundtrip,10240MB_mixed,cpu,zstd_level3,10737418240,5371124606,13.402896261992282,1.9991005660165464,764.0139712965195,"decomp: 744 MB/s, match: True"
roundtrip,10240MB_mixed,cpu,zstd_level9,10737418240,5369350078,9.848224779008888,1.9997612530415454,1039.7813037153828,"decomp: 729 MB/s, match: True"
roundtrip,10240MB_mixed,cpu,gzip_level6,10737418240,5403115093,195.1306898190087,1.987264393814385,52.47764977153516,"decomp: 311 MB/s, match: True"
