test_name,workload,method,processor,input_size_bytes,output_size_bytes,elapsed_seconds,compression_ratio,throughput_mbps,notes
roundtrip,10240MB_mixed,cpu,zstd_level1,10737418240,6737929,5.888907712011132,1593.5784185318664,1738.862366464717,"decomp: 835 MB/s, match: True"
roundtrip,10240MB_mixed,cpu,zstd_level3,10737418240,1561609,2.9712995320005575,6875.868568892725,3446.3035078477837,"decomp: 807 MB/s, match: True"
roundtrip,10240MB_mixed,cpu,zstd_level9,10737418240,821106,5.035245728009613,13076.774789125886,2033.6644035141815,"decomp: 831 MB/s, match: True"
roundtrip,10240MB_mixed,cpu,gzip_level6,10737418240,41841876,83.31604670399975,256.6189489209327,122.90549546091712,"decomp: 293 MB/s, match: True"
