test_name,workload,method,processor,input_size_bytes,output_size_bytes,elapsed_seconds,compression_ratio,throughput_mbps,notes
roundtrip,1024MB_mixed,cpu,zstd_level1,1073741824,36363,0.3102970459876815,29528.41690729588,3300.0636430185414,"decomp: 953 MB/s, match: True"
roundtrip,1024MB_mixed,cpu,zstd_level3,1073741824,33675,0.38690178700198885,31885.429072011877,2646.6665040105804,"decomp: 948 MB/s, match: True"
roundtrip,1024MB_mixed,cpu,zstd_level9,1073741824,33226,0.3753507529909257,32316.31324866069,2728.1149480596773,"decomp: 895 MB/s, match: True"
roundtrip,1024MB_mixed,cpu,gzip_level6,1073741824,1043664,7.04455268199672,1028.8194514709714,145.36054256744598,"decomp: 212 MB/s, match: True"
roundtrip,1024MB_mixed,gpu,nvcomp_lz4,1073741824,4718659,0.13383787499333266,227.5523245057547,7651.047956723851,"decomp: 19703 MB/s, match: True"
