test_name,workload,method,processor,input_size_bytes,output_size_bytes,elapsed_seconds,compression_ratio,throughput_mbps,notes
roundtrip,1024MB_mixed,cpu,zstd_level1,1073741824,537260070,1.0024007200117921,1.998551323570352,1021.5475503528706,"decomp: 792 MB/s, match: True"
roundtrip,1024MB_mixed,cpu,zstd_level3,1073741824,537112284,1.0963770609960193,1.9991012233114371,933.9852468910036,"decomp: 767 MB/s, match: True"
roundtrip,1024MB_mixed,cpu,zstd_level9,1073741824,536935294,1.1020195330056595,1.9997601871185617,929.2031305535319,"decomp: 790 MB/s, match: True"
roundtrip,1024MB_mixed,cpu,gzip_level6,1073741824,540311861,20.693527497991454,1.9872631002634977,49.484071775553545,"decomp: 312 MB/s, match: True"
roundtrip,1024MB_mixed,gpu,nvcomp_lz4,1073741824,542801938,0.7149724499904551,1.9781466292406642,1432.2230178430939,"decomp: 4138 MB/s, match: False"
