test_name,workload,method,processor,input_size_bytes,output_size_bytes,elapsed_seconds,compression_ratio,throughput_mbps,notes
roundtrip,100MB_mixed,cpu,zstd_level1,104857600,52466807,0.10451066700625233,1.998551198284279,956.8401280418344,"decomp: 812 MB/s, match: True"
roundtrip,100MB_mixed,cpu,zstd_level3,104857600,52452554,0.14465316300629638,1.9990942671733392,691.308768655458,"decomp: 817 MB/s, match: True"
roundtrip,100MB_mixed,cpu,zstd_level9,104857600,52435378,0.15153672099404503,1.9997491006930475,659.9060567235695,"decomp: 803 MB/s, match: True"
roundtrip,100MB_mixed,cpu,gzip_level6,104857600,52764729,1.9551387659885222,1.9872669108183991,51.14726470550022,"decomp: 310 MB/s, match: True"
roundtrip,100MB_mixed,gpu,nvcomp_lz4,104857600,53008058,0.09720281499903649,1.9781445304032832,1028.7767900650947,"decomp: 4166 MB/s, match: False"
