test_name,workload,method,processor,input_size_bytes,output_size_bytes,elapsed_seconds,compression_ratio,throughput_mbps,notes
video_encode,1280x720_5s,cpu,CPU libx264,212905,127497,0.9619874490017537,1.6698824286061633,0.21106515531483042,
video_encode,1280x720_5s,gpu,GPU h264_nvenc,212905,0,0.2353157200050191,0,0.8628494106987069,FAILED
video_encode,1280x720_5s,gpu,GPU hevc_nvenc,212905,0,0.23503612499916926,0,0.8638758417889604,FAILED
bulk_compress,100MB_compressible,cpu,zstd_level1,104857600,9867,0.04727408700273372,10627.100435796088,2115.323771228354,
bulk_compress,100MB_compressible,cpu,zstd_level3,104857600,9867,0.06164247499691555,10627.100435796088,1622.2580291431154,
bulk_compress,100MB_compressible,cpu,zstd_level9,104857600,9891,0.14724907699564938,10601.31432615509,679.1214046316542,
bulk_compress,100MB_compressible,cpu,gzip_level6,104857600,407101,0.8407321699996828,257.5714626100157,118.94394382462815,
image_batch,50_images_resize50pct,cpu,opencv_cpu,13777701,2044897,0.2937391769955866,6.737601453765153,170.21903755368405,170.2 images/sec
audio_encode,5_wav_to_mp3,cpu,libmp3lame,4410390,1207075,1.095490461004374,3.653782904956196,3.8394452695450414,
